{
  "insert-template": [
    {
      "modifiers": [
        "Mod"
      ],
      "key": "T"
    }
  ],
  "obsidian-tasks-plugin:edit-task": [
    {
      "modifiers": [
        "Ctrl"
      ],
      "key": "T"
    }
  ],
  "app:go-back": [
    {
      "modifiers": [
        "Mod"
      ],
      "key": "["
    }
  ],
  "app:go-forward": [
    {
      "modifiers": [
        "Mod"
      ],
      "key": "]"
    }
  ],
  "file-explorer:reveal-active-file": [],
  "editor:insert-link": [],
  "file-explorer:open": [
    {
      "modifiers": [
        "Mod"
      ],
      "key": "K"
    }
  ],
  "editor:swap-line-down": [
    {
      "modifiers": [
        "Mod",
        "Shift"
      ],
      "key": "ArrowDown"
    }
  ],
  "editor:swap-line-up": [
    {
      "modifiers": [
        "Mod",
        "Shift"
      ],
      "key": "ArrowUp"
    }
  ],
  "templater-obsidian:insert-templater": [
    {
      "modifiers": [
        "Mod",
        "Shift"
      ],
      "key": "T"
    }
  ]
}